{
  "test_year": 2023,
  "n_train": 4179,
  "n_test": 380,
  "n_features": 24,
  "classes": [
    "A",
    "D",
    "H"
  ],
  "log_loss": 1.052922427491801,
  "accuracy": 0.4605263157894737,
  "brier_by_class": {
    "A": 0.1962729431515016,
    "D": 0.19216075641838656,
    "H": 0.24448395342968052
  },
  "brier_mean": 0.21097255099985623
}